alias	linkerSequence	bcSeq	gender	primer	ltrBit	largeLTRFrag	linkerCommon	vectorSeq
clone1-1	CGCAGACATCCCGTCCCATNNNNNNNNNNNNCTCCGCTTAAGGGACT	AATCCGTACAGC	F	GAAAATC	TCTAGCA	TGCTAGAGATTTTCCACACTGACTAAAAGGGTCT	AGTCCCTTAAGCGGAG	p746vector.fasta
clone1-2	CGCAGACATCCCGTCCCATNNNNNNNNNNNNCTCCGCTTAAGGGACT	ACACCTGGTGAT	F	GAAAATC	TCTAGCA	TGCTAGAGATTTTCCACACTGACTAAAAGGGTCT	AGTCCCTTAAGCGGAG	p746vector.fasta
clone1-3	CGCAGACATCCCGTCCCATNNNNNNNNNNNNCTCCGCTTAAGGGACT	TATCGTTGACCA	F	GAAAATC	TCTAGCA	TGCTAGAGATTTTCCACACTGACTAAAAGGGTCT	AGTCCCTTAAGCGGAG	p746vector.fasta
clone1-4	CGCAGACATCCCGTCCCATNNNNNNNNNNNNCTCCGCTTAAGGGACT	TTACTGTGCGAT	F	GAAAATC	TCTAGCA	TGCTAGAGATTTTCCACACTGACTAAAAGGGTCT	AGTCCCTTAAGCGGAG	p746vector.fasta
clone2-1	CCGGACGGATTGGTGCCTANNNNNNNNNNNNCTCCGCTTAAGGGACT	AGGCTACACGAC	F	GAAAATC	TCTAGCA	TGCTAGAGATTTTCCACACTGACTAAAAGGGTCT	AGTCCCTTAAGCGGAG	p746vector.fasta
clone2-2	CCGGACGGATTGGTGCCTANNNNNNNNNNNNCTCCGCTTAAGGGACT	CTAACCTCCGCT	F	GAAAATC	TCTAGCA	TGCTAGAGATTTTCCACACTGACTAAAAGGGTCT	AGTCCCTTAAGCGGAG	p746vector.fasta
clone2-3	CCGGACGGATTGGTGCCTANNNNNNNNNNNNCTCCGCTTAAGGGACT	GAACCAAAGGAT	F	GAAAATC	TCTAGCA	TGCTAGAGATTTTCCACACTGACTAAAAGGGTCT	AGTCCCTTAAGCGGAG	p746vector.fasta
clone2-4	CCGGACGGATTGGTGCCTANNNNNNNNNNNNCTCCGCTTAAGGGACT	GTATGCGCTGTA	F	GAAAATC	TCTAGCA	TGCTAGAGATTTTCCACACTGACTAAAAGGGTCT	AGTCCCTTAAGCGGAG	p746vector.fasta
clone3-1	CGCCAACGTAGCGTTGCACNNNNNNNNNNNNCTCCGCTTAAGGGACT	GTACATACCGGT	F	GAAAATC	TCTAGCA	TGCTAGAGATTTTCCACACTGACTAAAAGGGTCT	AGTCCCTTAAGCGGAG	p746vector.fasta
clone3-2	CGCCAACGTAGCGTTGCACNNNNNNNNNNNNCTCCGCTTAAGGGACT	TCCGACACAATT	F	GAAAATC	TCTAGCA	TGCTAGAGATTTTCCACACTGACTAAAAGGGTCT	AGTCCCTTAAGCGGAG	p746vector.fasta
clone3-3	CGCCAACGTAGCGTTGCACNNNNNNNNNNNNCTCCGCTTAAGGGACT	CCAGTGTATGCA	F	GAAAATC	TCTAGCA	TGCTAGAGATTTTCCACACTGACTAAAAGGGTCT	AGTCCCTTAAGCGGAG	p746vector.fasta
clone3-4	CGCCAACGTAGCGTTGCACNNNNNNNNNNNNCTCCGCTTAAGGGACT	CCTCGTTCGACT	F	GAAAATC	TCTAGCA	TGCTAGAGATTTTCCACACTGACTAAAAGGGTCT	AGTCCCTTAAGCGGAG	p746vector.fasta
clone4-1	GACGCGTAAGGTCGGGTAGNNNNNNNNNNNNCTCCGCTTAAGGGACT	TGAGTCACTGGT	F	GAAAATC	TCTAGCA	TGCTAGAGATTTTCCACACTGACTAAAAGGGTCT	AGTCCCTTAAGCGGAG	p746vector.fasta
clone4-2	GACGCGTAAGGTCGGGTAGNNNNNNNNNNNNCTCCGCTTAAGGGACT	GACTTGGTATTC	F	GAAAATC	TCTAGCA	TGCTAGAGATTTTCCACACTGACTAAAAGGGTCT	AGTCCCTTAAGCGGAG	p746vector.fasta
clone4-3	GACGCGTAAGGTCGGGTAGNNNNNNNNNNNNCTCCGCTTAAGGGACT	TACACGATCTAC	F	GAAAATC	TCTAGCA	TGCTAGAGATTTTCCACACTGACTAAAAGGGTCT	AGTCCCTTAAGCGGAG	p746vector.fasta
clone4-4	GACGCGTAAGGTCGGGTAGNNNNNNNNNNNNCTCCGCTTAAGGGACT	GCACACACGTTA	F	GAAAATC	TCTAGCA	TGCTAGAGATTTTCCACACTGACTAAAAGGGTCT	AGTCCCTTAAGCGGAG	p746vector.fasta
clone7-1	CAGCGGCGGTTAGATGAGCNNNNNNNNNNNNCTCCGCTTAAGGGACT	CACGCCATAATG	F	GAAAATC	TCTAGCA	TGCTAGAGATTTTCCACACTGACTAAAAGGGTCT	AGTCCCTTAAGCGGAG	p746vector.fasta
clone7-2	CAGCGGCGGTTAGATGAGCNNNNNNNNNNNNCTCCGCTTAAGGGACT	CAGGCGTATTGG	F	GAAAATC	TCTAGCA	TGCTAGAGATTTTCCACACTGACTAAAAGGGTCT	AGTCCCTTAAGCGGAG	p746vector.fasta
clone7-3	CAGCGGCGGTTAGATGAGCNNNNNNNNNNNNCTCCGCTTAAGGGACT	GGATCGCAGATC	F	GAAAATC	TCTAGCA	TGCTAGAGATTTTCCACACTGACTAAAAGGGTCT	AGTCCCTTAAGCGGAG	p746vector.fasta
clone7-4	CAGCGGCGGTTAGATGAGCNNNNNNNNNNNNCTCCGCTTAAGGGACT	GCTGATGAGCTG	F	GAAAATC	TCTAGCA	TGCTAGAGATTTTCCACACTGACTAAAAGGGTCT	AGTCCCTTAAGCGGAG	p746vector.fasta
pool1-1	GCGCAGGTATCCGTCGCTTNNNNNNNNNNNNCTCCGCTTAAGGGACT	AGCTGTTGTTTG	F	GAAAATC	TCTAGCA	TGCTAGAGATTTTCCACACTGACTAAAAGGGTCT	AGTCCCTTAAGCGGAG	p746vector.fasta
pool1-2	GCGCAGGTATCCGTCGCTTNNNNNNNNNNNNCTCCGCTTAAGGGACT	GGATGGTGTTGC	F	GAAAATC	TCTAGCA	TGCTAGAGATTTTCCACACTGACTAAAAGGGTCT	AGTCCCTTAAGCGGAG	p746vector.fasta
pool1-3	GCGCAGGTATCCGTCGCTTNNNNNNNNNNNNCTCCGCTTAAGGGACT	GCGATATATCGC	F	GAAAATC	TCTAGCA	TGCTAGAGATTTTCCACACTGACTAAAAGGGTCT	AGTCCCTTAAGCGGAG	p746vector.fasta
pool1-4	GCGCAGGTATCCGTCGCTTNNNNNNNNNNNNCTCCGCTTAAGGGACT	TAGGATTGCTCG	F	GAAAATC	TCTAGCA	TGCTAGAGATTTTCCACACTGACTAAAAGGGTCT	AGTCCCTTAAGCGGAG	p746vector.fasta
pool2-1	CCCAGCGATCGTGTCGAACNNNNNNNNNNNNCTCCGCTTAAGGGACT	ATGTGCACGACT	F	GAAAATC	TCTAGCA	TGCTAGAGATTTTCCACACTGACTAAAAGGGTCT	AGTCCCTTAAGCGGAG	p746vector.fasta
pool2-2	CCCAGCGATCGTGTCGAACNNNNNNNNNNNNCTCCGCTTAAGGGACT	ACGCGCAGATAC	F	GAAAATC	TCTAGCA	TGCTAGAGATTTTCCACACTGACTAAAAGGGTCT	AGTCCCTTAAGCGGAG	p746vector.fasta
pool2-3	CCCAGCGATCGTGTCGAACNNNNNNNNNNNNCTCCGCTTAAGGGACT	GACTTTCCCTCG	F	GAAAATC	TCTAGCA	TGCTAGAGATTTTCCACACTGACTAAAAGGGTCT	AGTCCCTTAAGCGGAG	p746vector.fasta
pool2-4	CCCAGCGATCGTGTCGAACNNNNNNNNNNNNCTCCGCTTAAGGGACT	ATCCCGAATTTG	F	GAAAATC	TCTAGCA	TGCTAGAGATTTTCCACACTGACTAAAAGGGTCT	AGTCCCTTAAGCGGAG	p746vector.fasta
pool3-1	GCGTGCTGAAGACGCGTAGNNNNNNNNNNNNCTCCGCTTAAGGGACT	GTTGGTCAATCT	F	GAAAATC	TCTAGCA	TGCTAGAGATTTTCCACACTGACTAAAAGGGTCT	AGTCCCTTAAGCGGAG	p746vector.fasta
pool3-2	GCGTGCTGAAGACGCGTAGNNNNNNNNNNNNCTCCGCTTAAGGGACT	TAGCTCGTAACT	F	GAAAATC	TCTAGCA	TGCTAGAGATTTTCCACACTGACTAAAAGGGTCT	AGTCCCTTAAGCGGAG	p746vector.fasta
pool3-3	GCGTGCTGAAGACGCGTAGNNNNNNNNNNNNCTCCGCTTAAGGGACT	CAGTGCATATGC	F	GAAAATC	TCTAGCA	TGCTAGAGATTTTCCACACTGACTAAAAGGGTCT	AGTCCCTTAAGCGGAG	p746vector.fasta
pool3-4	GCGTGCTGAAGACGCGTAGNNNNNNNNNNNNCTCCGCTTAAGGGACT	TCACGGGAGTTG	F	GAAAATC	TCTAGCA	TGCTAGAGATTTTCCACACTGACTAAAAGGGTCT	AGTCCCTTAAGCGGAG	p746vector.fasta
HIV_CTRL_wLig-1	CGAGCGTCATTGCCTACGCNNNNNNNNNNNNCTCCGCTTAAGGGACT	CTGCTAACGCAA	F	GAAAATC	TCTAGCA	TGCTAGAGATTTTCCACACTGACTAAAAGGGTCT	AGTCCCTTAAGCGGAG	p746vector.fasta
HIV_CTRL_wLig-2	CGAGCGTCATTGCCTACGCNNNNNNNNNNNNCTCCGCTTAAGGGACT	TTAGGGCTCGTA	F	GAAAATC	TCTAGCA	TGCTAGAGATTTTCCACACTGACTAAAAGGGTCT	AGTCCCTTAAGCGGAG	p746vector.fasta
HIV_CTRL_wLig-3	CGAGCGTCATTGCCTACGCNNNNNNNNNNNNCTCCGCTTAAGGGACT	TCTAGCGTAGTG	F	GAAAATC	TCTAGCA	TGCTAGAGATTTTCCACACTGACTAAAAGGGTCT	AGTCCCTTAAGCGGAG	p746vector.fasta
HIV_CTRL_wLig-4	CGAGCGTCATTGCCTACGCNNNNNNNNNNNNCTCCGCTTAAGGGACT	TCGAGGACTGCA	F	GAAAATC	TCTAGCA	TGCTAGAGATTTTCCACACTGACTAAAAGGGTCT	AGTCCCTTAAGCGGAG	p746vector.fasta
HIV_CTRL_noLig-1	CCCACGTCTCGGTTGGATGNNNNNNNNNNNNCTCCGCTTAAGGGACT	CGGAGCTATGGT	F	GAAAATC	TCTAGCA	TGCTAGAGATTTTCCACACTGACTAAAAGGGTCT	AGTCCCTTAAGCGGAG	p746vector.fasta
HIV_CTRL_noLig-2	CCCACGTCTCGGTTGGATGNNNNNNNNNNNNCTCCGCTTAAGGGACT	AAGAGATGTCGA	F	GAAAATC	TCTAGCA	TGCTAGAGATTTTCCACACTGACTAAAAGGGTCT	AGTCCCTTAAGCGGAG	p746vector.fasta
HIV_CTRL_noLig-3	CCCACGTCTCGGTTGGATGNNNNNNNNNNNNCTCCGCTTAAGGGACT	TCCAAAGTGTTC	F	GAAAATC	TCTAGCA	TGCTAGAGATTTTCCACACTGACTAAAAGGGTCT	AGTCCCTTAAGCGGAG	p746vector.fasta
HIV_CTRL_noLig-4	CCCACGTCTCGGTTGGATGNNNNNNNNNNNNCTCCGCTTAAGGGACT	TACAGATGGCTC	F	GAAAATC	TCTAGCA	TGCTAGAGATTTTCCACACTGACTAAAAGGGTCT	AGTCCCTTAAGCGGAG	p746vector.fasta
UNIF	CGCCTGCTCGCTAAGCTCTNNNNNNNNNNNNCTCCGCTTAAGGGACT	AATCAGTCTCGT	F	GAAAATC	TCTAGCA	TGCTAGAGATTTTCCACACTGACTAAAAGGGTCT	AGTCCCTTAAGCGGAG	p746vector.fasta
